tag id	miRDeep2 score	estimated probability that the miRNA is a true positive	rfam alert	total read count	mature read count	loop read count	star read count	significant randfold p-value	mature miRBase miRNA	example miRBase miRNA with the same seed	UCSC browser	NCBI blastn	consensus mature sequence	consensus star sequence	consensus precursor sequence	precursor coordinate	Library
scaffold1_172463	5486.4	70 +/- 3%	-	10762	10582	0	180	yes	cel-miR-34-5p	-	-	-	aggcagugugguuagcugguug	acccgcgacugacacuacccucu	aggcagugugguuagcugguugaagaacaacccgcgacugacacuacccucu	scaffold1:110023350..110023402:-	DI2
scaffold1_97499	57593.1	58 +/- 3%	-	112967	111494	0	1473	yes	cbr-miR-34	-	-	-	aggcagugugguuagcugguug	acccgcgacugacacuacccucu	aggcagugugguuagcugguugaagaacaacccgcgacugacacuacccucu	scaffold1:110023350..110023402:-	AMP3
scaffold1_148663	4461.6	75 +/- 3%	-	8752	8616	0	136	yes	cel-miR-34-5p	-	-	-	aggcagugugguuagcugguug	acccgcgacugacacuacccucu	aggcagugugguuagcugguugaagaacaacccgcgacugacacuacccucu	scaffold1:110023350..110023402:-	DI1
scaffold1_105977	36810.5	87 +/- 2%	-	72203	71415	0	788	yes	cel-miR-34-5p	-	-	-	aggcagugugguuagcugguug	acccgcgacugacacuacccucu	aggcagugugguuagcugguugaagaacaacccgcgacugacacuacccucu	scaffold1:110023350..110023402:-	HL2
scaffold1_123235	3709.6	76 +/- 3%	-	7277	7106	0	171	yes	cel-miR-34-5p	-	-	-	aggcagugugguuagcugguug	acccgcgacugacacuacccucu	aggcagugugguuagcugguugaagaacaacccgcgacugacacuacccucu	scaffold1:110023350..110023402:-	PDi3
scaffold1_104237	203316.4	67 +/- 3%	-	398797	395124	0	3673	yes	cbr-miR-34	-	-	-	aggcagugugguuagcugguug	acccgcgacugacacuacccucu	aggcagugugguuagcugguugaagaacaacccgcgacugacacuacccucu	scaffold1:110023350..110023402:-	AMP2
scaffold1_73605	14497.0	89 +/- 2%	-	28436	27965	0	471	yes	crm-miR-34	-	-	-	aggcagugugguuagcugguug	acccgcgacugacacuacccucu	aggcagugugguuagcugguugaagaacaacccgcgacugacacuacccucu	scaffold1:110023350..110023402:-	PH3
scaffold1_142941	13550.3	76 +/- 2%	-	26579	26225	0	354	yes	crm-miR-34	-	-	-	aggcagugugguuagcugguug	acccgcgacugacacuacccucu	aggcagugugguuagcugguugaagaacaacccgcgacugacacuacccucu	scaffold1:110023350..110023402:-	PL1
scaffold1_101847	51300.3	87 +/- 2%	-	100624	99496	0	1128	yes	cbr-miR-34	-	-	-	aggcagugugguuagcugguug	acccgcgacugacacuacccucu	aggcagugugguuagcugguugaagaacaacccgcgacugacacuacccucu	scaffold1:110023350..110023402:-	HL3
scaffold1_153357	8500.4	72 +/- 3%	-	16674	16273	0	401	yes	cbr-miR-34	-	-	-	aggcagugugguuagcugguug	acccgcgacugacacuacccucu	aggcagugugguuagcugguugaagaacaacccgcgacugacacuacccucu	scaffold1:110023350..110023402:-	PDii2
scaffold1_140247	4801.7	74 +/- 4%	-	9419	9250	0	169	yes	cbr-miR-34	-	-	-	aggcagugugguuagcugguug	acccgcgacugacacuacccucu	aggcagugugguuagcugguugaagaacaacccgcgacugacacuacccucu	scaffold1:110023350..110023402:-	DI3
scaffold1_85113	148629.0	67 +/- 3%	-	291530	289339	0	2191	yes	cel-miR-34-5p	-	-	-	aggcagugugguuagcugguug	acccgcgacugacacuacccucu	aggcagugugguuagcugguugaagaacaacccgcgacugacacuacccucu	scaffold1:110023350..110023402:-	IST3
scaffold1_116079	5696.4	77 +/- 3%	-	11174	10982	0	192	yes	cel-miR-34-5p	-	-	-	aggcagugugguuagcugguug	acccgcgacugacacuacccucu	aggcagugugguuagcugguugaagaacaacccgcgacugacacuacccucu	scaffold1:110023350..110023402:-	PDi1
scaffold1_140739	7963.6	69 +/- 3%	-	15621	15398	0	223	yes	cel-miR-34-5p	-	-	-	aggcagugugguuagcugguug	acccgcgacugacacuacccucu	aggcagugugguuagcugguugaagaacaacccgcgacugacacuacccucu	scaffold1:110023350..110023402:-	PDii3
scaffold1_67357	54409.7	72 +/- 3%	-	106723	105303	0	1420	yes	cbr-miR-34	-	-	-	aggcagugugguuagcugguug	acccgcgacugacacuacccucu	aggcagugugguuagcugguugaagaacaacccgcgacugacacuacccucu	scaffold1:110023350..110023402:-	IST2
scaffold1_135123	6360.7	75 +/- 3%	-	12477	12318	0	159	yes	cbr-miR-34	-	-	-	aggcagugugguuagcugguug	acccgcgacugacacuacccucu	aggcagugugguuagcugguugaagaacaacccgcgacugacacuacccucu	scaffold1:110023350..110023402:-	PDi2
scaffold1_86171	76336.3	90 +/- 2%	-	149731	148569	0	1162	yes	cel-miR-34-5p	-	-	-	aggcagugugguuagcugguug	acccgcgacugacacuacccucu	aggcagugugguuagcugguugaagaacaacccgcgacugacacuacccucu	scaffold1:110023350..110023402:-	HL1
scaffold1_104383	86222.8	60 +/- 3%	-	169123	166912	0	2211	yes	cel-miR-34-5p	-	-	-	aggcagugugguuagcugguug	acccgcgacugacacuacccucu	aggcagugugguuagcugguugaagaacaacccgcgacugacacuacccucu	scaffold1:110023350..110023402:-	AMP1
scaffold1_110993	993.3	82 +/- 3%	-	1949	1927	0	22	yes	cbr-miR-34	-	-	-	aggcagugugguuagcugguug	acccgcgacugacacuacccucu	aggcagugugguuagcugguugaagaacaacccgcgacugacacuacccucu	scaffold1:110023350..110023402:-	GA3
scaffold1_81677	73801.4	68 +/- 3%	-	144759	143135	0	1624	yes	cel-miR-34-5p	-	-	-	aggcagugugguuagcugguug	acccgcgacugacacuacccucu	aggcagugugguuagcugguugaagaacaacccgcgacugacacuacccucu	scaffold1:110023350..110023402:-	IST1
scaffold1_138673	1005.5	76 +/- 4%	-	1973	1966	0	7	yes	crm-miR-34	-	-	-	aggcagugugguuagcugguug	acccgcgacugacacuacccucu	aggcagugugguuagcugguugaagaacaacccgcgacugacacuacccucu	scaffold1:110023350..110023402:-	EC3
scaffold1_157099	1656.1	70 +/- 4%	-	3249	3242	0	7	yes	cel-miR-34-5p	-	-	-	aggcagugugguuagcugguug	acccgcgacugacacuacccucu	aggcagugugguuagcugguugaagaacaacccgcgacugacacuacccucu	scaffold1:110023350..110023402:-	EC2
scaffold1_133207	11774.6	78 +/- 3%	-	23096	22868	0	228	yes	cel-miR-34-5p	-	-	-	aggcagugugguuagcugguug	acccgcgacugacacuacccucu	aggcagugugguuagcugguugaagaacaacccgcgacugacacuacccucu	scaffold1:110023350..110023402:-	PL2
scaffold1_82423	10269.0	79 +/- 3%	-	20143	19960	0	183	yes	cbr-miR-34	-	-	-	aggcagugugguuagcugguug	acccgcgacugacacuacccucu	aggcagugugguuagcugguugaagaacaacccgcgacugacacuacccucu	scaffold1:110023350..110023402:-	SMA2
scaffold1_124375	1041.7	76 +/- 4%	-	2044	2003	0	41	yes	crm-miR-34	-	-	-	aggcagugugguuagcugguug	acccgcgacugacacuacccucu	aggcagugugguuagcugguugaagaacaacccgcgacugacacuacccucu	scaffold1:110023350..110023402:-	GA1
scaffold1_148237	8572.4	67 +/- 3%	-	16815	16576	0	239	yes	cbr-miR-34	-	-	-	aggcagugugguuagcugguug	acccgcgacugacacuacccucu	aggcagugugguuagcugguugaagaacaacccgcgacugacacuacccucu	scaffold1:110023350..110023402:-	PDii1
scaffold1_92871	8787.0	73 +/- 3%	-	17236	17022	0	214	yes	cbr-miR-34	-	-	-	aggcagugugguuagcugguug	acccgcgacugacacuacccucu	aggcagugugguuagcugguugaagaacaacccgcgacugacacuacccucu	scaffold1:110023350..110023402:-	SMA3
scaffold1_100353	29209.1	86 +/- 2%	-	57293	56668	0	625	yes	crm-miR-34	-	-	-	aggcagugugguuagcugguug	acccgcgacugacacuacccucu	aggcagugugguuagcugguugaagaacaacccgcgacugacacuacccucu	scaffold1:110023350..110023402:-	PH1
scaffold1_145263	29179.0	75 +/- 2%	-	57234	56570	0	664	yes	crm-miR-34	-	-	-	aggcagugugguuagcugguug	acccgcgacugacacuacccucu	aggcagugugguuagcugguugaagaacaacccgcgacugacacuacccucu	scaffold1:110023350..110023402:-	PL3
scaffold1_150869	2508.0	74 +/- 4%	-	4920	4831	0	89	yes	crm-miR-34	-	-	-	aggcagugugguuagcugguug	acccgcgacugacacuacccucu	aggcagugugguuagcugguugaagaacaacccgcgacugacacuacccucu	scaffold1:110023350..110023402:-	GA2
scaffold1_133293	1321.1	76 +/- 4%	-	2592	2581	0	11	yes	cel-miR-34-5p	-	-	-	aggcagugugguuagcugguug	acccgcgacugacacuacccucu	aggcagugugguuagcugguugaagaacaacccgcgacugacacuacccucu	scaffold1:110023350..110023402:-	EC1
scaffold1_140417	7679.6	48 +/- 4%	-	15064	14971	0	93	yes	cbr-miR-34	-	-	-	aggcagugugguuagcugguug	acccgcgacugacacuacccucu	aggcagugugguuagcugguugaagaacaacccgcgacugacacuacccucu	scaffold1:110023350..110023402:-	PH2
scaffold1_129379	12347.6	72 +/- 3%	-	24220	23898	0	322	yes	cel-miR-34-5p	-	-	-	aggcagugugguuagcugguug	acccgcgacugacacuacccucu	aggcagugugguuagcugguugaagaacaacccgcgacugacacuacccucu	scaffold1:110023350..110023402:-	SMA1
scaffold2_335062	12.8	75 +/- 3%	-	26	18	0	8	yes	hsa-miR-219a-5p	-	-	-	agagcugugcuuggcaauuaga	ugauuguccaaacgcaauucuuu	ugauuguccaaacgcaauucuuuuuuauaaagagcugugcuuggcaauuaga	scaffold2:131530749..131530801:-	DI1
scaffold2_317286	12.8	74 +/- 4%	-	26	22	0	4	yes	rno-miR-219a-5p	-	-	-	agagcugugcuuggcaauuaga	ugauuguccaaacgcaauucuu	ugauuguccaaacgcaauucuuuuuuauaaagagcugugcuuggcaauuaga	scaffold2:131530749..131530801:-	DI3
scaffold2_227382	330.4	86 +/- 2%	-	649	519	0	130	yes	ggo-miR-219	-	-	-	agagcugugcuuggcaauuaga	ugauuguccaaacgcaauucuuu	ugauuguccaaacgcaauucuuuuuuauaaagagcugugcuuggcaauuaga	scaffold2:131530749..131530801:-	PH1
scaffold2_322758	82.6	76 +/- 2%	-	163	144	0	19	yes	eca-miR-219-5p	-	-	-	agagcugugcuuggcaauuaga	ugauuguccaaacgcaauucuuu	ugauuguccaaacgcaauucuuuuuuauaaagagcugugcuuggcaauuaga	scaffold2:131530749..131530801:-	PL1
scaffold2_329770	83.1	75 +/- 2%	-	164	154	0	10	yes	bfl-miR-219	-	-	-	agagcugugcuuggcaauuaga	ugauuguccaaacgcaauucuuu	ugauuguccaaacgcaauucuuuuuuauaaagagcugugcuuggcaauuaga	scaffold2:131530749..131530801:-	PL3
scaffold2_167300	293.2	89 +/- 2%	-	576	374	0	202	yes	xtr-miR-219	-	-	-	agagcugugcuuggcaauuaga	ugauuguccaaacgcaauucuuu	ugauuguccaaacgcaauucuuuuuuauaaagagcugugcuuggcaauuaga	scaffold2:131530749..131530801:-	PH3
scaffold2_195452	482.8	90 +/- 2%	-	948	637	0	311	yes	bbe-miR-219-5p	-	-	-	agagcugugcuuggcaauuaga	ugauuguccaaacgcaauucuuu	ugauuguccaaacgcaauucuuuuuuauaaagagcugugcuuggcaauuaga	scaffold2:131530749..131530801:-	HL1
scaffold2_229942	391.1	87 +/- 2%	-	768	548	0	220	yes	ggo-miR-219	-	-	-	agagcugugcuuggcaauuaga	ugauuguccaaacgcaauucuuu	ugauuguccaaacgcaauucuuuuuuauaaagagcugugcuuggcaauuaga	scaffold2:131530749..131530801:-	HL3
scaffold2_238814	434.9	87 +/- 2%	-	854	514	0	340	yes	tca-miR-219-5p	-	-	-	agagcugugcuuggcaauuaga	ugauuguccaaacgcaauucuuu	ugauuguccaaacgcaauucuuuuuuauaaagagcugugcuuggcaauuaga	scaffold2:131530749..131530801:-	HL2
scaffold2_151836	487.4	72 +/- 3%	-	957	724	0	233	yes	pal-miR-219a-5p	-	-	-	agagcugugcuuggcaauuag	ugauuguccaaacgcaauucuuu	ugauuguccaaacgcaauucuuuuuuauaaagagcugugcuuggcaauuag	scaffold2:131530750..131530801:-	IST2
scaffold2_183610	645.5	68 +/- 3%	-	1267	1017	0	250	yes	ptr-miR-219-5p	-	-	-	agagcugugcuuggcaauuag	ugauuguccaaacgcaauucuuu	ugauuguccaaacgcaauucuuuuuuauaaagagcugugcuuggcaauuag	scaffold2:131530750..131530801:-	IST1
scaffold2_219056	591.9	58 +/- 3%	-	1162	881	0	281	yes	dme-miR-219-5p	-	-	-	agagcugugcuuggcaauuag	ugauuguccaaacgcaauucuuu	ugauuguccaaacgcaauucuuuuuuauaaagagcugugcuuggcaauuag	scaffold2:131530750..131530801:-	AMP3
scaffold2_190404	718.9	67 +/- 3%	-	1411	1212	0	199	yes	mdo-miR-219-5p	-	-	-	agagcugugcuuggcaauuag	ugauuguccaaacgcaauucuuu	ugauuguccaaacgcaauucuuuuuuauaaagagcugugcuuggcaauuag	scaffold2:131530750..131530801:-	IST3
scaffold2_210412	256.0	73 +/- 3%	-	503	268	0	235	yes	rno-miR-219a-5p	-	-	-	agagcugugcuuggcaauuag	ugauuguccaaacgcaauucuuu	ugauuguccaaacgcaauucuuuuuuauaaagagcugugcuuggcaauuag	scaffold2:131530750..131530801:-	SMA3
scaffold2_234470	823.4	60 +/- 3%	-	1616	1285	0	331	yes	pal-miR-219a-5p	-	-	-	agagcugugcuuggcaauuag	ugauuguccaaacgcaauucuuu	ugauuguccaaacgcaauucuuuuuuauaaagagcugugcuuggcaauuag	scaffold2:131530750..131530801:-	AMP1
scaffold2_288462	247.3	72 +/- 3%	-	486	348	0	138	yes	gga-miR-219a	-	-	-	agagcugugcuuggcaauuag	ugauuguccaaacgcaauucuuu	ugauuguccaaacgcaauucuuuuuuauaaagagcugugcuuggcaauuag	scaffold2:131530750..131530801:-	SMA1
scaffold2_233958	1302.1	67 +/- 3%	-	2555	2057	0	498	yes	mmu-miR-219a-5p	-	-	-	agagcugugcuuggcaauuag	ugauuguccaaacgcaauucuuu	ugauuguccaaacgcaauucuuuuuuauaaagagcugugcuuggcaauuag	scaffold2:131530750..131530801:-	AMP2
scaffold2_187766	240.2	79 +/- 3%	-	472	283	0	189	yes	cfa-miR-219-5p	-	-	-	agagcugugcuuggcaauuag	ugauuguccaaacgcaauucuuu	ugauuguccaaacgcaauucuuuuuuauaaagagcugugcuuggcaauuag	scaffold2:131530750..131530801:-	SMA2
scaffold2_316939	22.2	48 +/- 4%	-	45	31	0	14	yes	ppy-miR-219-5p	-	-	-	ugauuguccaaacgcaauucuuu	agagcugugcuuggcaauuag	ugauuguccaaacgcaauucuuuuuuauaaagagcugugcuuggcaauuag	scaffold2:131530750..131530801:-	PH2
scaffold2_84524	11.9	89 +/- 2%	-	38	32	3	3	no	ppy-miR-1322	-	-	-	ugaugaugaugaugaugaugaug	ugugaugaugaagaugauguugaug	ugugaugaugaagaugauguugaugaugaugauaaugaugaugaugaugaugaugaugaugaugaugaug	scaffold2:4219608..4219678:+	PH3
scaffold2_169658	38.4	75 +/- 3%	-	90	74	15	1	no	ppy-miR-1322	-	-	-	ugaugaugaugaugaugaugaug	ugugaugaugaagaugauguuga	ugugaugaugaagaugauguugaugaugaugauaaugaugaugaugaugaugaugaugaugaugaugaug	scaffold2:4219608..4219678:+	DI1
scaffold3_300962	40.4	82 +/- 3%	-	100	99	0	1	no	mmu-miR-466i-5p	-	-	-	gugugugugugugugugu	uagacuauguaaauacac	gugugugugugugugugugacuaaccaugaacuaauucauagacuauguaaauacac	scaffold3:105191271..105191328:+	GA3
scaffold3_298467	5381.9	86 +/- 2%	-	10564	5596	0	4968	yes	str-miR-124-3p	-	-	-	ugcauuaacugcgagucucuagu	uaaggcacgcggugaaugcuga	ugcauuaacugcgagucucuaguccugaaacuaaggcacgcggugaaugcuga	scaffold3:40640223..40640276:-	PH1
scaffold3_255596	11213.5	90 +/- 2%	-	22000	19578	0	2422	yes	str-miR-124-3p	-	-	-	uaaggcacgcggugaaugcuga	ugcauuaacugcgagucucuagu	ugcauuaacugcgagucucuaguccugaaacuaaggcacgcggugaaugcuga	scaffold3:40640223..40640276:-	HL1
scaffold3_416629	133.7	69 +/- 3%	-	270	223	0	47	yes	cja-miR-124	-	-	-	ugcauuaacugcgagucucuagu	uaaggcacgcggugaaugcuga	ugcauuaacugcgagucucuaguccugaaacuaaggcacgcggugaaugcuga	scaffold3:40640223..40640276:-	PDii3
scaffold3_219335	3719.3	89 +/- 2%	-	7303	4619	0	2684	yes	cqu-miR-124	-	-	-	ugcauuaacugcgagucucuagu	uaaggcacgcggugaaugcuga	ugcauuaacugcgagucucuaguccugaaacuaaggcacgcggugaaugcuga	scaffold3:40640223..40640276:-	PH3
scaffold3_422047	606.9	76 +/- 2%	-	1198	890	0	308	yes	aae-miR-124	-	-	-	ugcauuaacugcgagucucuagu	uaaggcacgcggugaaugcuga	ugcauuaacugcgagucucuaguccugaaacuaaggcacgcggugaaugcuga	scaffold3:40640223..40640276:-	PL1
scaffold3_415056	644.8	48 +/- 4%	-	1270	1217	0	53	yes	aae-miR-124	-	-	-	uaaggcacgcggugaaugcuga	ugcauuaacugcgagucucuagu	ugcauuaacugcgagucucuaguccugaaacuaaggcacgcggugaaugcuga	scaffold3:40640223..40640276:-	PH2
scaffold3_396207	140.9	78 +/- 3%	-	284	186	0	98	yes	str-miR-124-3p	-	-	-	ugcauuaacugcgagucucuagu	uaaggcacgcggugaaugcuga	ugcauuaacugcgagucucuaguccugaaacuaaggcacgcggugaaugcuga	scaffold3:40640223..40640276:-	PL2
scaffold3_453077	124.6	72 +/- 3%	-	252	201	0	51	yes	aae-miR-124	-	-	-	ugcauuaacugcgagucucuagu	uaaggcacgcggugaaugcuga	ugcauuaacugcgagucucuaguccugaaacuaaggcacgcggugaaugcuga	scaffold3:40640223..40640276:-	PDii2
scaffold3_313002	5887.3	87 +/- 2%	-	11553	8689	0	2864	yes	cqu-miR-124	-	-	-	uaaggcacgcggugaaugcuga	ugcauuaacugcgagucucuagu	ugcauuaacugcgagucucuaguccugaaacuaaggcacgcggugaaugcuga	scaffold3:40640223..40640276:-	HL2
scaffold3_198234	4158.5	72 +/- 3%	-	8162	5860	0	2302	yes	str-miR-124-3p	-	-	-	uaaggcacgcggugaaugcuga	ugcauuaacugcgagucucuagu	ugcauuaacugcgagucucuaguccugaaacuaaggcacgcggugaaugcuga	scaffold3:40640223..40640276:-	IST2
scaffold3_437465	144.4	67 +/- 3%	-	291	234	0	57	yes	aae-miR-124	-	-	-	ugcauuaacugcgagucucuagu	uaaggcacgcggugaaugcuga	ugcauuaacugcgagucucuaguccugaaacuaaggcacgcggugaaugcuga	scaffold3:40640223..40640276:-	PDii1
scaffold3_274700	523.5	73 +/- 3%	-	1032	837	0	195	yes	aae-miR-124	-	-	-	uaaggcacgcggugaaugcuga	ugcauuaacugcgagucucuagu	ugcauuaacugcgagucucuaguccugaaacuaaggcacgcggugaaugcuga	scaffold3:40640223..40640276:-	SMA3
scaffold3_245422	594.3	79 +/- 3%	-	1171	999	0	172	yes	cja-miR-124	-	-	-	uaaggcacgcggugaaugcuga	ugcauuaacugcgagucucuagu	ugcauuaacugcgagucucuaguccugaaacuaaggcacgcggugaaugcuga	scaffold3:40640223..40640276:-	SMA2
scaffold3_378280	674.9	72 +/- 3%	-	1329	1119	0	210	yes	cqu-miR-124	-	-	-	uaaggcacgcggugaaugcuga	ugcauuaacugcgagucucuagu	ugcauuaacugcgagucucuaguccugaaacuaaggcacgcggugaaugcuga	scaffold3:40640223..40640276:-	SMA1
scaffold3_447755	37.9	74 +/- 4%	-	82	60	0	22	yes	aae-miR-124	-	-	-	ugcauuaacugcgagucucuagu	uaaggcacgcggugaaugcuga	ugcauuaacugcgagucucuaguccugaaacuaaggcacgcggugaaugcuga	scaffold3:40640223..40640276:-	GA2
scaffold3_286562	4152.9	58 +/- 3%	-	8151	6408	0	1743	yes	aae-miR-124	-	-	-	uaaggcacgcggugaaugcuga	ugcauuaacugcgagucucuagu	ugcauuaacugcgagucucuaguccugaaacuaaggcacgcggugaaugcuga	scaffold3:40640223..40640276:-	AMP3
scaffold3_439314	172.2	75 +/- 3%	-	343	185	0	158	yes	str-miR-124-3p	-	-	-	uaaggcacgcggugaaugcuga	ugcauuaacugcgagucucuagu	ugcauuaacugcgagucucuaguccugaaacuaaggcacgcggugaaugcuga	scaffold3:40640223..40640276:-	DI1
scaffold3_305580	15384.3	67 +/- 3%	-	30181	27521	0	2660	yes	cja-miR-124	-	-	-	uaaggcacgcggugaaugcuga	ugcauuaacugcgagucucuagu	ugcauuaacugcgagucucuaguccugaaacuaaggcacgcggugaaugcuga	scaffold3:40640223..40640276:-	AMP2
scaffold3_306800	7432.1	60 +/- 3%	-	14583	12765	0	1818	yes	str-miR-124-3p	-	-	-	uaaggcacgcggugaaugcuga	ugcauuaacugcgagucucuagu	ugcauuaacugcgagucucuaguccugaaacuaaggcacgcggugaaugcuga	scaffold3:40640223..40640276:-	AMP1
scaffold3_416195	177.6	74 +/- 4%	-	356	234	0	122	yes	cja-miR-124	-	-	-	ugcauuaacugcgagucucuagu	uaaggcacgcggugaaugcuga	ugcauuaacugcgagucucuaguccugaaacuaaggcacgcggugaaugcuga	scaffold3:40640223..40640276:-	DI3
scaffold3_510247	164.8	70 +/- 3%	-	331	234	0	97	yes	str-miR-124-3p	-	-	-	ugcauuaacugcgagucucuagu	uaaggcacgcggugaaugcuga	ugcauuaacugcgagucucuaguccugaaacuaaggcacgcggugaaugcuga	scaffold3:40640223..40640276:-	DI2
scaffold3_432219	757.8	75 +/- 2%	-	1494	926	0	568	yes	str-miR-124-3p	-	-	-	ugcauuaacugcgagucucuagu	uaaggcacgcggugaaugcuga	ugcauuaacugcgagucucuaguccugaaacuaaggcacgcggugaaugcuga	scaffold3:40640223..40640276:-	PL3
scaffold3_301266	5892.4	87 +/- 2%	-	11563	9072	0	2491	yes	cqu-miR-124	-	-	-	uaaggcacgcggugaaugcuga	ugcauuaacugcgagucucuagu	ugcauuaacugcgagucucuaguccugaaacuaaggcacgcggugaaugcuga	scaffold3:40640223..40640276:-	HL3
scaffold3_342073	31.3	77 +/- 3%	-	69	58	0	11	yes	cja-miR-124	-	-	-	ugcauuaacugcgagucucuagu	uaaggcacgcggugaaugcuga	ugcauuaacugcgagucucuaguccugaaacuaaggcacgcggugaaugcuga	scaffold3:40640223..40640276:-	PDi1
scaffold3_367827	65.4	76 +/- 3%	-	136	121	0	15	yes	cja-miR-124	-	-	-	ugcauuaacugcgagucucuagu	uaaggcacgcggugaaugcuga	ugcauuaacugcgagucucuaguccugaaacuaaggcacgcggugaaugcuga	scaffold3:40640223..40640276:-	PDi3
scaffold3_239722	5499.1	68 +/- 3%	-	10799	7917	0	2882	no	aae-miR-124	-	-	-	uaaggcacgcggugaaugcuga	ugcauuaacugcgagucucuagu	ugcauuaacugcgagucucuaguccugaaacuaaggcacgcggugaaugcuga	scaffold3:40640223..40640276:-	IST1
scaffold3_401165	92.4	75 +/- 3%	-	189	119	0	70	yes	cqu-miR-124	-	-	-	ugcauuaacugcgagucucuagu	uaaggcacgcggugaaugcuga	ugcauuaacugcgagucucuaguccugaaacuaaggcacgcggugaaugcuga	scaffold3:40640223..40640276:-	PDi2
scaffold3_249494	13065.2	67 +/- 3%	-	25632	23863	0	1769	yes	str-miR-124-3p	-	-	-	uaaggcacgcggugaaugcuga	ugcauuaacugcgagucucuagu	ugcauuaacugcgagucucuaguccugaaacuaaggcacgcggugaaugcuga	scaffold3:40640223..40640276:-	IST3
scaffold4_348566	0.8	68 +/- 2%	-	6205	6079	0	126	yes	cqu-miR-124	-	-	-	uaaggcacgcggugaaugcuaa	auucguugugaugcccuuagu	auucguugugaugcccuuaguaaaauacuaaggcacgcggugaaugcuaa	scaffold4:73764980..73765030:-	IST3
scaffold4_336100	1401.5	68 +/- 3%	-	2749	2543	0	206	yes	cqu-miR-124	-	-	-	uaaggcacgcggugaaugcuaa	ugcauucguugugaugcccuuagu	ugcauucguugugaugcccuuaguaaaauacuaaggcacgcggugaaugcuaa	scaffold4:73764980..73765033:-	IST1
scaffold4_428722	4586.4	67 +/- 3%	-	8996	8725	0	271	yes	str-miR-124-3p	-	-	-	uaaggcacgcggugaaugcuaa	ugcauucguugugaugcccuuagu	ugcauucguugugaugcccuuaguaaaauacuaaggcacgcggugaaugcuaa	scaffold4:73764980..73765033:-	AMP2
scaffold4_402666	1238.9	58 +/- 3%	-	2430	2285	0	145	yes	aae-miR-124	-	-	-	uaaggcacgcggugaaugcuaa	ugcauucguugugaugcccuuagu	ugcauucguugugaugcccuuaguaaaauacuaaggcacgcggugaaugcuaa	scaffold4:73764980..73765033:-	AMP3
scaffold4_437350	1533.6	87 +/- 2%	-	3008	2884	0	124	yes	cja-miR-124	-	-	-	uaaggcacgcggugaaugcuaa	ugcauucguugugaugcccuuagu	ugcauucguugugaugcccuuaguaaaauacuaaggcacgcggugaaugcuaa	scaffold4:73764980..73765033:-	HL2
scaffold4_429982	2092.8	60 +/- 3%	-	4105	3881	0	224	yes	cja-miR-124	-	-	-	uaaggcacgcggugaaugcuaa	ugcauucguugugaugcccuuagu	ugcauucguugugaugcccuuaguaaaauacuaaggcacgcggugaaugcuaa	scaffold4:73764980..73765033:-	AMP1
scaffold4_417716	1288.9	86 +/- 2%	-	2528	2317	0	211	yes	str-miR-124-3p	-	-	-	uaaggcacgcggugaaugcuaa	ugcauucguugugaugcccuuagu	ugcauucguugugaugcccuuaguaaaauacuaaggcacgcggugaaugcuaa	scaffold4:73764980..73765033:-	PH1
scaffold4_530246	0.8	67 +/- 2%	-	226	198	0	28	yes	cja-miR-124	-	-	-	uaaggcacgcggugaaugcuaa	ugcauucguugugaugcccuuagu	ugcauucguugugaugcccuuaguaaaauacuaaggcacgcggugaaugcuaa	scaffold4:73764980..73765033:-	SMA1
scaffold4_421590	1692.6	87 +/- 2%	-	3320	3189	0	131	yes	cqu-miR-124	-	-	-	uaaggcacgcggugaaugcuaa	ugcauucguugugaugcccuuagu	ugcauucguugugaugcccuuaguaaaauacuaaggcacgcggugaaugcuaa	scaffold4:73764980..73765033:-	HL3
scaffold4_343604	130.0	79 +/- 3%	-	255	230	0	25	yes	aae-miR-124	-	-	-	uaaggcacgcggugaaugcuaa	ugcauucguugugaugcccuuagu	ugcauucguugugaugcccuuaguaaaauacuaaggcacgcggugaaugcuaa	scaffold4:73764980..73765033:-	SMA2
scaffold4_307874	753.1	89 +/- 2%	-	1477	1304	0	173	yes	aae-miR-124	-	-	-	uaaggcacgcggugaaugcuaa	ugcauucguugugaugcccuuagu	ugcauucguugugaugcccuuaguaaaauacuaaggcacgcggugaaugcuaa	scaffold4:73764980..73765033:-	PH3
scaffold4_579076	299.3	48 +/- 4%	-	587	564	0	23	yes	cja-miR-124	-	-	-	uaaggcacgcggugaaugcuaa	ugcauucguugugaugcccuuagu	ugcauucguugugaugcccuuaguaaaauacuaaggcacgcggugaaugcuaa	scaffold4:73764980..73765033:-	PH2
scaffold4_357598	3263.4	90 +/- 2%	-	6401	6286	0	115	yes	cqu-miR-124	-	-	-	uaaggcacgcggugaaugcuaa	ugcauucguugugaugcccuuagu	ugcauucguugugaugcccuuaguaaaauacuaaggcacgcggugaaugcuaa	scaffold4:73764980..73765033:-	HL1
scaffold4_386136	98.9	73 +/- 3%	-	194	154	0	40	yes	cqu-miR-124	-	-	-	uaaggcacgcggugaaugcuaa	ugcauucguugugaugcccuuagu	ugcauucguugugaugcccuuaguaaaauacuaaggcacgcggugaaugcuaa	scaffold4:73764980..73765033:-	SMA3
scaffold4_604226	1617.2	75 +/- 2%	-	3172	2755	0	417	yes	aae-miR-124	-	-	-	uaaggcacgcggugaaugcuaa	ugcauucguugugaugcccuuagu	ugcauucguugugaugcccuuaguaaaauacuaaggcacgcggugaaugcuaa	scaffold4:73764980..73765033:-	PL3
scaffold4_714418	125.5	70 +/- 3%	-	246	216	0	30	yes	aae-miR-124	-	-	-	uaaggcacgcggugaaugcuaa	ugcauucguugugaugcccuuagu	ugcauucguugugaugcccuuaguaaaauacuaaggcacgcggugaaugcuaa	scaffold4:73764980..73765033:-	DI2
scaffold4_583918	101.0	74 +/- 4%	-	198	172	0	26	yes	aae-miR-124	-	-	-	uaaggcacgcggugaaugcuaa	ugcauucguugugaugcccuuagu	ugcauucguugugaugcccuuaguaaaauacuaaggcacgcggugaaugcuaa	scaffold4:73764980..73765033:-	DI3
scaffold4_479664	26.6	77 +/- 3%	-	52	42	0	10	yes	str-miR-124-3p	-	-	-	uaaggcacgcggugaaugcuaa	ugcauucguugugaugcccuuagu	ugcauucguugugaugcccuuaguaaaauacuaaggcacgcggugaaugcuaa	scaffold4:73764980..73765033:-	PDi1
scaffold4_559028	44.4	75 +/- 3%	-	87	69	0	18	yes	str-miR-124-3p	-	-	-	uaaggcacgcggugaaugcuaa	ugcauucguugugaugcccuuagu	ugcauucguugugaugcccuuaguaaaauacuaaggcacgcggugaaugcuaa	scaffold4:73764980..73765033:-	PDi2
scaffold4_515594	41.4	76 +/- 3%	-	81	53	0	28	yes	str-miR-124-3p	-	-	-	uaaggcacgcggugaaugcuaa	ugcauucguugugaugcccuuagu	ugcauucguugugaugcccuuaguaaaauacuaaggcacgcggugaaugcuaa	scaffold4:73764980..73765033:-	PDi3
scaffold4_628122	34.2	74 +/- 4%	-	67	59	0	8	yes	cqu-miR-124	-	-	-	uaaggcacgcggugaaugcuaa	ugcauucguugugaugcccuuagu	ugcauucguugugaugcccuuaguaaaauacuaaggcacgcggugaaugcuaa	scaffold4:73764980..73765033:-	GA2
scaffold4_611480	48.0	67 +/- 3%	-	94	71	0	23	yes	str-miR-124-3p	-	-	-	uaaggcacgcggugaaugcuaa	ugcauucguugugaugcccuuagu	ugcauucguugugaugcccuuaguaaaauacuaaggcacgcggugaaugcuaa	scaffold4:73764980..73765033:-	PDii1
scaffold4_634416	51.5	72 +/- 3%	-	101	78	0	23	yes	cqu-miR-124	-	-	-	uaaggcacgcggugaaugcuaa	ugcauucguugugaugcccuuagu	ugcauucguugugaugcccuuaguaaaauacuaaggcacgcggugaaugcuaa	scaffold4:73764980..73765033:-	PDii2
scaffold4_582282	75.0	69 +/- 3%	-	147	98	0	49	yes	cqu-miR-124	-	-	-	uaaggcacgcggugaaugcuaa	ugcauucguugugaugcccuuagu	ugcauucguugugaugcccuuaguaaaauacuaaggcacgcggugaaugcuaa	scaffold4:73764980..73765033:-	PDii3
scaffold4_590332	1198.1	76 +/- 2%	-	2350	1624	0	726	yes	aae-miR-124	-	-	-	uaaggcacgcggugaaugcuaa	ugcauucguugugaugcccuuagu	ugcauucguugugaugcccuuaguaaaauacuaaggcacgcggugaaugcuaa	scaffold4:73764980..73765033:-	PL1
scaffold4_616166	84.7	75 +/- 3%	-	166	137	0	29	yes	str-miR-124-3p	-	-	-	uaaggcacgcggugaaugcuaa	ugcauucguugugaugcccuuagu	ugcauucguugugaugcccuuaguaaaauacuaaggcacgcggugaaugcuaa	scaffold4:73764980..73765033:-	DI1
scaffold4_554020	226.9	78 +/- 3%	-	445	310	0	135	yes	cqu-miR-124	-	-	-	uaaggcacgcggugaaugcuaa	ugcauucguugugaugcccuuagu	ugcauucguugugaugcccuuaguaaaauacuaaggcacgcggugaaugcuaa	scaffold4:73764980..73765033:-	PL2
scaffold4_279004	1121.1	72 +/- 3%	-	2199	2078	0	121	yes	str-miR-124-3p	-	-	-	uaaggcacgcggugaaugcua	ugcauucguugugaugcccuuagu	ugcauucguugugaugcccuuaguaaaauacuaaggcacgcggugaaugcua	scaffold4:73764981..73765033:-	IST2
scaffold5_501247	218800.5	87 +/- 2%	-	429165	414968	0	14197	yes	cte-miR-31	-	-	-	aggcaagauguuggcauagcua	gcugucccauuaucuugucauaa	aggcaagauguuggcauagcuaucuuacgguagcugucccauuaucuugucauaa	scaffold5:24237090..24237145:-	HL3
scaffold5_397719	318439.7	68 +/- 3%	-	624603	595454	0	29149	yes	pbv-miR-31-5p	-	-	-	aggcaagauguuggcauagcua	gcugucccauuaucuugucauaa	aggcaagauguuggcauagcuaucuuacgguagcugucccauuaucuugucauaa	scaffold5:24237090..24237145:-	IST1
scaffold5_655209	236.5	76 +/- 4%	-	461	445	0	16	yes	lva-miR-31-5p	-	-	-	aggcaagauguuggcauagcua	gcugucccauuaucuugucauaa	aggcaagauguuggcauagcuaucuuacgguagcugucccauuaucuugucauaa	scaffold5:24237090..24237145:-	EC1
scaffold5_662119	1291.8	75 +/- 3%	-	2531	2344	0	187	yes	aca-miR-31-5p	-	-	-	aggcaagauguuggcauagcua	gcugucccauuaucuugucauaa	aggcaagauguuggcauagcuaucuuacgguagcugucccauuaucuugucauaa	scaffold5:24237090..24237145:-	PDi2
scaffold5_330089	235597.7	72 +/- 3%	-	462112	440918	0	21194	yes	lva-miR-31-5p	-	-	-	aggcaagauguuggcauagcua	gcugucccauuaucuugucauaa	aggcaagauguuggcauagcuaucuuacgguagcugucccauuaucuugucauaa	scaffold5:24237090..24237145:-	IST2
scaffold5_716501	19097.4	75 +/- 2%	-	37456	35905	0	1551	yes	lgi-miR-31	-	-	-	aggcaagauguuggcauagcua	gcugucccauuaucuugucauaa	aggcaagauguuggcauagcuaucuuacgguagcugucccauuaucuugucauaa	scaffold5:24237090..24237145:-	PL3
scaffold5_567285	370.0	77 +/- 3%	-	723	653	0	70	yes	lgi-miR-31	-	-	-	aggcaagauguuggcauagcua	gcugucccauuaucuugucauaa	aggcaagauguuggcauagcuaucuuacgguagcugucccauuaucuugucauaa	scaffold5:24237090..24237145:-	PDi1
scaffold5_611977	515.8	76 +/- 3%	-	1009	913	0	96	yes	cte-miR-31	-	-	-	aggcaagauguuggcauagcua	gcugucccauuaucuugucauaa	aggcaagauguuggcauagcuaucuuacgguagcugucccauuaucuugucauaa	scaffold5:24237090..24237145:-	PDi3
scaffold5_543273	110.5	82 +/- 3%	-	214	205	0	9	yes	spu-miR-31	-	-	-	aggcaagauguuggcauagcua	gcugucccauuaucuugucauaa	aggcaagauguuggcauagcuaucuuacgguagcugucccauuaucuugucauaa	scaffold5:24237090..24237145:-	GA3
scaffold5_494989	128429.9	86 +/- 2%	-	251907	242903	0	9004	yes	pbv-miR-31-5p	-	-	-	aggcaagauguuggcauagcua	gcugucccauuaucuugucauaa	aggcaagauguuggcauagcuaucuuacgguagcugucccauuaucuugucauaa	scaffold5:24237090..24237145:-	PH1
scaffold5_693025	3125.6	74 +/- 4%	-	6128	5703	0	425	yes	cte-miR-31	-	-	-	aggcaagauguuggcauagcua	gcugucccauuaucuugucauaa	aggcaagauguuggcauagcuaucuuacgguagcugucccauuaucuugucauaa	scaffold5:24237090..24237145:-	DI3
scaffold5_476463	246520.7	58 +/- 3%	-	483537	456072	0	27465	yes	pbv-miR-31-5p	-	-	-	aggcaagauguuggcauagcua	gcugucccauuaucuugucauaa	aggcaagauguuggcauagcuaucuuacgguagcugucccauuaucuugucauaa	scaffold5:24237090..24237145:-	AMP3
scaffold5_509763	290013.4	60 +/- 3%	-	568846	538008	0	30838	yes	aca-miR-31-5p	-	-	-	aggcaagauguuggcauagcua	gcugucccauuaucuugucauaa	aggcaagauguuggcauagcuaucuuacgguagcugucccauuaucuugucauaa	scaffold5:24237090..24237145:-	AMP1
scaffold5_729805	3457.5	75 +/- 3%	-	6779	6405	0	374	yes	lgi-miR-31	-	-	-	aggcaagauguuggcauagcua	gcugucccauuaucuugucauaa	aggcaagauguuggcauagcuaucuuacgguagcugucccauuaucuugucauaa	scaffold5:24237090..24237145:-	DI1
scaffold5_847171	2410.4	70 +/- 3%	-	4725	4253	0	472	yes	lgi-miR-31	-	-	-	aggcaagauguuggcauagcua	gcugucccauuaucuugucauaa	aggcaagauguuggcauagcuaucuuacgguagcugucccauuaucuugucauaa	scaffold5:24237090..24237145:-	DI2
scaffold5_507543	540509.4	67 +/- 3%	-	1060183	1021020	0	39163	yes	lva-miR-31-5p	-	-	-	aggcaagauguuggcauagcua	gcugucccauuaucuugucauaa	aggcaagauguuggcauagcuaucuuacgguagcugucccauuaucuugucauaa	scaffold5:24237090..24237145:-	AMP2
scaffold5_723949	2590.8	67 +/- 3%	-	5079	4666	0	413	yes	pmi-miR-31-5p	-	-	-	aggcaagauguuggcauagcua	gcugucccauuaucuugucauaa	aggcaagauguuggcauagcuaucuuacgguagcugucccauuaucuugucauaa	scaffold5:24237090..24237145:-	PDii1
scaffold5_412165	360337.7	67 +/- 3%	-	706784	687623	0	19161	yes	pmi-miR-31-5p	-	-	-	aggcaagauguuggcauagcua	gcugucccauuaucuugucauaa	aggcaagauguuggcauagcuaucuuacgguagcugucccauuaucuugucauaa	scaffold5:24237090..24237145:-	IST3
scaffold5_743175	604.6	74 +/- 4%	-	1183	1074	0	109	yes	pbv-miR-31-5p	-	-	-	aggcaagauguuggcauagcua	gcugucccauuaucuugucauaa	aggcaagauguuggcauagcuaucuuacgguagcugucccauuaucuugucauaa	scaffold5:24237090..24237145:-	GA2
scaffold5_520221	181181.6	87 +/- 2%	-	355377	341318	0	14059	yes	cte-miR-31	-	-	-	aggcaagauguuggcauagcua	gcugucccauuaucuugucauaa	aggcaagauguuggcauagcuaucuuacgguagcugucccauuaucuugucauaa	scaffold5:24237090..24237145:-	HL2
scaffold5_656459	6180.5	78 +/- 3%	-	12120	11615	0	505	yes	lgi-miR-31	-	-	-	aggcaagauguuggcauagcua	gcugucccauuaucuugucauaa	aggcaagauguuggcauagcuaucuuacgguagcugucccauuaucuugucauaa	scaffold5:24237090..24237145:-	PL2
scaffold5_364653	93155.7	89 +/- 2%	-	182718	175893	0	6825	yes	spu-miR-31	-	-	-	aggcaagauguuggcauagcua	gcugucccauuaucuugucauaa	aggcaagauguuggcauagcuaucuuacgguagcugucccauuaucuugucauaa	scaffold5:24237090..24237145:-	PH3
scaffold5_699559	10519.6	76 +/- 2%	-	20631	18842	0	1789	yes	aca-miR-31-5p	-	-	-	aggcaagauguuggcauagcua	gcugucccauuaucuugucauaa	aggcaagauguuggcauagcuaucuuacgguagcugucccauuaucuugucauaa	scaffold5:24237090..24237145:-	PL1
scaffold5_681491	143.2	76 +/- 4%	-	278	276	0	2	yes	pbv-miR-31-5p	-	-	-	aggcaagauguuggcauagcua	gcugucccauuaucuugucauaa	aggcaagauguuggcauagcuaucuuacgguagcugucccauuaucuugucauaa	scaffold5:24237090..24237145:-	EC3
scaffold5_689767	2251.3	69 +/- 3%	-	4413	4029	0	384	yes	pbv-miR-31-5p	-	-	-	aggcaagauguuggcauagcua	gcugucccauuaucuugucauaa	aggcaagauguuggcauagcuaucuuacgguagcugucccauuaucuugucauaa	scaffold5:24237090..24237145:-	PDii3
scaffold5_605549	132.5	76 +/- 4%	-	257	246	0	11	yes	pbv-miR-31-5p	-	-	-	aggcaagauguuggcauagcua	gcugucccauuaucuugucauaa	aggcaagauguuggcauagcuaucuuacgguagcugucccauuaucuugucauaa	scaffold5:24237090..24237145:-	GA1
scaffold5_424399	243056.5	90 +/- 2%	-	476742	465134	0	11608	yes	aca-miR-31-5p	-	-	-	aggcaagauguuggcauagcua	gcugucccauuaucuugucauaa	aggcaagauguuggcauagcuaucuuacgguagcugucccauuaucuugucauaa	scaffold5:24237090..24237145:-	HL1
scaffold5_751973	1771.0	72 +/- 3%	-	3471	3054	0	417	yes	spu-miR-31	-	-	-	aggcaagauguuggcauagcua	gcugucccauuaucuugucauaa	aggcaagauguuggcauagcuaucuuacgguagcugucccauuaucuugucauaa	scaffold5:24237090..24237145:-	PDii2
scaffold5_767001	164.6	70 +/- 4%	-	320	311	0	9	yes	pbv-miR-31-5p	-	-	-	aggcaagauguuggcauagcua	cugucccauuaucuugucaua	aggcaagauguuggcauagcuaucuuacgguagcugucccauuaucuugucaua	scaffold5:24237091..24237145:-	EC2
scaffold5_407221	35570.4	79 +/- 3%	-	69767	65377	0	4390	yes	lgi-miR-31	-	-	-	aggcaagauguuggcauagcua	cugucccauuaucuugucaua	aggcaagauguuggcauagcuaucuuacgguagcugucccauuaucuugucaua	scaffold5:24237091..24237145:-	SMA2
scaffold5_457305	28148.4	73 +/- 3%	-	55209	50995	0	4214	yes	lva-miR-31-5p	-	-	-	aggcaagauguuggcauagcua	cugucccauuaucuugucaua	aggcaagauguuggcauagcuaucuuacgguagcugucccauuaucuugucaua	scaffold5:24237091..24237145:-	SMA3
scaffold5_684881	7793.1	48 +/- 4%	-	15283	15036	0	247	yes	pmi-miR-31-5p	-	-	-	aggcaagauguuggcauagcua	cugucccauuaucuugucaua	aggcaagauguuggcauagcuaucuuacgguagcugucccauuaucuugucaua	scaffold5:24237091..24237145:-	PH2
scaffold5_628775	37204.4	72 +/- 3%	-	72972	68098	0	4874	yes	aca-miR-31-5p	-	-	-	aggcaagauguuggcauagcua	cugucccauuaucuugucaua	aggcaagauguuggcauagcuaucuuacgguagcugucccauuaucuugucaua	scaffold5:24237091..24237145:-	SMA1
scaffold5_480123	5264.9	87 +/- 2%	-	10327	8689	0	1638	yes	cja-miR-124	-	-	-	uaaggcacgcggugaaugcuga	ugcauucagugcggagcuucuagc	ugcauucagugcggagcuucuagcuuuaacagcuaaggcacgcggugaaugcuga	scaffold5:50638098..50638153:+	HL2
scaffold5_423551	488.9	73 +/- 3%	-	959	837	0	122	yes	cqu-miR-124	-	-	-	uaaggcacgcggugaaugcuga	ugcauucagugcggagcuucuagc	ugcauucagugcggagcuucuagcuuuaacagcuaaggcacgcggugaaugcuga	scaffold5:50638098..50638153:+	SMA3
scaffold5_471111	7035.0	60 +/- 3%	-	13799	12765	0	1034	yes	aae-miR-124	-	-	-	uaaggcacgcggugaaugcuga	ugcauucagugcggagcuucuagc	ugcauucagugcggagcuucuagcuuuaacagcuaaggcacgcggugaaugcuga	scaffold5:50638098..50638153:+	AMP1
scaffold5_783945	94.3	70 +/- 3%	-	185	97	0	88	yes	cja-miR-124	-	-	-	uaaggcacgcggugaaugcuga	ugcauucagugcggagcuucuagc	ugcauucagugcggagcuucuagcuuuaacagcuaaggcacgcggugaaugcuga	scaffold5:50638098..50638153:+	DI2
scaffold5_638166	60.9	69 +/- 3%	-	118	71	0	47	yes	str-miR-124-3p	-	-	-	ugcauucagugcggagcuucuagc	uaaggcacgcggugaaugcuga	ugcauucagugcggagcuucuagcuuuaacagcuaaggcacgcggugaaugcuga	scaffold5:50638098..50638153:+	PDii3
scaffold5_670430	73.6	67 +/- 3%	-	143	86	0	57	yes	str-miR-124-3p	-	-	-	ugcauucagugcggagcuucuagc	uaaggcacgcggugaaugcuga	ugcauucagugcggagcuucuagcuuuaacagcuaaggcacgcggugaaugcuga	scaffold5:50638098..50638153:+	PDii1
scaffold5_469167	14745.6	67 +/- 3%	-	28923	27520	0	1403	yes	cja-miR-124	-	-	-	uaaggcacgcggugaaugcuga	ugcauucagugcggagcuucuagc	ugcauucagugcggagcuucuagcuuuaacagcuaaggcacgcggugaaugcuga	scaffold5:50638098..50638153:+	AMP2
scaffold5_641068	123.6	74 +/- 4%	-	241	119	0	122	yes	aae-miR-124	-	-	-	ugcauucagugcggagcuucuagc	uaaggcacgcggugaaugcuga	ugcauucagugcggagcuucuagcuuuaacagcuaaggcacgcggugaaugcuga	scaffold5:50638098..50638153:+	DI3
scaffold5_381187	12541.7	67 +/- 3%	-	24600	23863	0	737	yes	cqu-miR-124	-	-	-	uaaggcacgcggugaaugcuga	ugcauucagugcggagcuucuagc	ugcauucagugcggagcuucuagcuuuaacagcuaaggcacgcggugaaugcuga	scaffold5:50638098..50638153:+	IST3
scaffold5_336982	3618.4	89 +/- 2%	-	7096	4412	0	2684	yes	cqu-miR-124	-	-	-	ugcauucagugcggagcuucuagc	uaaggcacgcggugaaugcuga	ugcauucagugcggagcuucuagcuuuaacagcuaaggcacgcggugaaugcuga	scaffold5:50638098..50638153:+	PH3
scaffold5_675679	134.0	75 +/- 3%	-	263	185	0	78	yes	aae-miR-124	-	-	-	uaaggcacgcggugaaugcuga	ugcauucagugcggagcuucuagc	ugcauucagugcggagcuucuagcuuuaacagcuaaggcacgcggugaaugcuga	scaffold5:50638098..50638153:+	DI1
scaffold5_647066	418.8	76 +/- 2%	-	820	512	0	308	yes	str-miR-124-3p	-	-	-	ugcauucagugcggagcuucuagc	uaaggcacgcggugaaugcuga	ugcauucagugcggagcuucuagcuuuaacagcuaaggcacgcggugaaugcuga	scaffold5:50638098..50638153:+	PL1
scaffold5_376701	557.7	79 +/- 3%	-	1094	999	0	95	yes	cqu-miR-124	-	-	-	uaaggcacgcggugaaugcuga	ugcauucagugcggagcuucuagc	ugcauucagugcggagcuucuagcuuuaacagcuaaggcacgcggugaaugcuga	scaffold5:50638098..50638153:+	SMA2
scaffold5_462859	5401.6	87 +/- 2%	-	10595	9073	0	1522	yes	aae-miR-124	-	-	-	uaaggcacgcggugaaugcuga	ugcauucagugcggagcuucuagc	ugcauucagugcggagcuucuagcuuuaacagcuaaggcacgcggugaaugcuga	scaffold5:50638098..50638153:+	HL3
scaffold5_305105	3665.1	72 +/- 3%	-	7189	5860	0	1329	yes	cqu-miR-124	-	-	-	uaaggcacgcggugaaugcuga	ugcauucagugcggagcuucuagc	ugcauucagugcggagcuucuagcuuuaacagcuaaggcacgcggugaaugcuga	scaffold5:50638098..50638153:+	IST2
scaffold5_582251	613.8	72 +/- 3%	-	1204	1119	0	85	yes	cqu-miR-124	-	-	-	uaaggcacgcggugaaugcuga	ugcauucagugcggagcuucuagc	ugcauucagugcggagcuucuagcuuuaacagcuaaggcacgcggugaaugcuga	scaffold5:50638098..50638153:+	SMA1
scaffold5_662748	569.2	75 +/- 2%	-	1115	547	0	568	yes	cqu-miR-124	-	-	-	ugcauucagugcggagcuucuagc	uaaggcacgcggugaaugcuga	ugcauucagugcggagcuucuagcuuuaacagcuaaggcacgcggugaaugcuga	scaffold5:50638098..50638153:+	PL3
scaffold5_607242	173.6	78 +/- 3%	-	339	241	0	98	yes	aae-miR-124	-	-	-	ugcauucagugcggagcuucuagc	uaaggcacgcggugaaugcuga	ugcauucagugcggagcuucuagcuuuaacagcuaaggcacgcggugaaugcuga	scaffold5:50638098..50638153:+	PL2
scaffold5_695913	45.3	72 +/- 3%	-	89	51	0	38	yes	str-miR-124-3p	-	-	-	uaaggcacgcggugaaugcuga	ugcauucagugcggagcuucuagc	ugcauucagugcggagcuucuagcuuuaacagcuaaggcacgcggugaaugcuga	scaffold5:50638098..50638153:+	PDii2
scaffold5_612989	57.6	75 +/- 3%	-	113	70	0	43	yes	str-miR-124-3p	-	-	-	uaaggcacgcggugaaugcuga	ugcauucagugcggagcuucuagc	ugcauucagugcggagcuucuagcuuuaacagcuaaggcacgcggugaaugcuga	scaffold5:50638098..50638153:+	PDi2
scaffold5_367351	4858.6	68 +/- 3%	-	9530	7917	0	1613	yes	str-miR-124-3p	-	-	-	uaaggcacgcggugaaugcuga	ugcauucagugcggagcuucuagc	ugcauucagugcggagcuucuagcuuuaacagcuaaggcacgcggugaaugcuga	scaffold5:50638098..50638153:+	IST1
scaffold5_392537	10674.2	90 +/- 2%	-	20937	19578	0	1359	yes	str-miR-124-3p	-	-	-	uaaggcacgcggugaaugcuga	ugcauucagugcggagcuucuagc	ugcauucagugcggagcuucuagcuuuaacagcuaaggcacgcggugaaugcuga	scaffold5:50638098..50638153:+	HL1
scaffold5_688606	28.3	74 +/- 4%	-	54	32	0	22	yes	str-miR-124-3p	-	-	-	ugcauucagugcggagcuucuagc	uaaggcacgcggugaaugcuga	ugcauucagugcggagcuucuagcuuuaacagcuaaggcacgcggugaaugcuga	scaffold5:50638098..50638153:+	GA2
scaffold5_633593	689.8	48 +/- 4%	-	1353	1217	0	136	yes	str-miR-124-3p	-	-	-	uaaggcacgcggugaaugcuga	ugcauucagugcggagcuucuagc	ugcauucagugcggagcuucuagcuuuaacagcuaaggcacgcggugaaugcuga	scaffold5:50638098..50638153:+	PH2
scaffold5_457578	4984.8	86 +/- 2%	-	9776	4808	0	4968	yes	cja-miR-124	-	-	-	ugcauucagugcggagcuucuagc	uaaggcacgcggugaaugcuga	ugcauucagugcggagcuucuagcuuuaacagcuaaggcacgcggugaaugcuga	scaffold5:50638098..50638153:+	PH1
scaffold5_566142	20.6	76 +/- 3%	-	39	24	0	15	yes	cja-miR-124	-	-	-	ugcauucagugcggagcuucuagc	uaaggcacgcggugaaugcuga	ugcauucagugcggagcuucuagcuuuaacagcuaaggcacgcggugaaugcuga	scaffold5:50638098..50638153:+	PDi3
scaffold5_440717	3816.0	58 +/- 3%	-	7485	6409	0	1076	yes	str-miR-124-3p	-	-	-	uaaggcacgcggugaaugcuga	ugcauucagugcggagcuucuagc	ugcauucagugcggagcuucuagcuuuaacagcuaaggcacgcggugaaugcuga	scaffold5:50638098..50638153:+	AMP3
scaffold6_893559	8682.9	74 +/- 4%	-	17029	17019	0	10	yes	asu-miR-7-5p	-	-	-	uggaagacuggugauuuuguugu	aacauuuucgcagucuucucaca	uggaagacuggugauuuuguuguuucauuaaacaacauuuucgcagucuucucaca	scaffold6:51350093..51350149:-	GA2
scaffold6_650857	2648.1	82 +/- 3%	-	5192	5187	0	5	yes	asu-miR-7-5p	-	-	-	uggaagacuggugauuuuguugu	aacauuuucgcagucuucucaca	uggaagacuggugauuuuguuguuucauuaaacaacauuuucgcagucuucucaca	scaffold6:51350093..51350149:-	GA3
scaffold6_794819	16615.3	75 +/- 3%	-	32588	32565	0	23	yes	asu-miR-7-5p	-	-	-	uggaagacuggugauuuuguugu	aacauuuucgcagucuucucaca	uggaagacuggugauuuuguuguuucauuaaacaacauuuucgcagucuucucaca	scaffold6:51350093..51350149:-	PDi2
scaffold6_609997	766923.9	67 +/- 3%	-	1504286	1503484	0	802	yes	asu-miR-7-5p	-	-	-	uggaagacuggugauuuuguugu	acauuuucgcagucuucucaca	uggaagacuggugauuuuguuguuucauuaaacaacauuuucgcagucuucucaca	scaffold6:51350093..51350149:-	AMP2
scaffold6_860385	71013.6	75 +/- 2%	-	139288	139197	0	91	yes	asu-miR-7-5p	-	-	-	uggaagacuggugauuuuguugu	aacauuuucgcagucuucucaca	uggaagacuggugauuuuguuguuucauuaaacaacauuuucgcagucuucucaca	scaffold6:51350093..51350149:-	PL3
scaffold6_790277	30062.4	78 +/- 3%	-	58964	58917	0	47	yes	asu-miR-7-5p	-	-	-	uggaagacuggugauuuuguugu	aacauuuucgcagucuucucaca	uggaagacuggugauuuuguuguuucauuaaacaacauuuucgcagucuucucaca	scaffold6:51350093..51350149:-	PL2
scaffold6_828201	29281.4	69 +/- 3%	-	57432	57393	0	39	yes	asu-miR-7-5p	-	-	-	uggaagacuggugauuuuguugu	aacauuuucgcagucuucucaca	uggaagacuggugauuuuguuguuucauuaaacaacauuuucgcagucuucucaca	scaffold6:51350093..51350149:-	PDii3
scaffold6_1019927	17324.0	70 +/- 3%	-	33978	33950	0	28	yes	asu-miR-7-5p	-	-	-	uggaagacuggugauuuuguugu	aacauuuucgcagucuucucaca	uggaagacuggugauuuuguuguuucauuaaacaacauuuucgcagucuucucaca	scaffold6:51350093..51350149:-	DI2
scaffold6_903637	27276.3	72 +/- 3%	-	53499	53455	0	44	yes	asu-miR-7-5p	-	-	-	uggaagacuggugauuuuguugu	aacauuuucgcagucuucucaca	uggaagacuggugauuuuguuguuucauuaaacaacauuuucgcagucuucucaca	scaffold6:51350093..51350149:-	PDii2
scaffold6_869689	37574.2	67 +/- 3%	-	73698	73651	0	47	yes	asu-miR-7-5p	-	-	-	uggaagacuggugauuuuguugu	aacauuuucgcagucuucucaca	uggaagacuggugauuuuguuguuucauuaaacaacauuuucgcagucuucucaca	scaffold6:51350093..51350149:-	PDii1
scaffold6_736255	16354.8	76 +/- 3%	-	32077	32051	0	26	yes	asu-miR-7-5p	-	-	-	uggaagacuggugauuuuguugu	aacauuuucgcagucuucucaca	uggaagacuggugauuuuguuguuucauuaaacaacauuuucgcagucuucucaca	scaffold6:51350093..51350149:-	PDi3
scaffold6_788443	4172.5	76 +/- 4%	-	8182	8180	0	2	yes	asu-miR-7-5p	-	-	-	uggaagacuggugauuuuguugu	aacauuuucgcagucuucucaca	uggaagacuggugauuuuguuguuucauuaaacaacauuuucgcagucuucucaca	scaffold6:51350093..51350149:-	EC1
scaffold6_495873	595021.6	67 +/- 3%	-	1167107	1166698	0	409	yes	asu-miR-7-5p	-	-	-	uggaagacuggugauuuuguugu	acauuuucgcagucuucucaca	uggaagacuggugauuuuguuguuucauuaaacaacauuuucgcagucuucucaca	scaffold6:51350093..51350149:-	IST3
scaffold6_833587	21169.6	74 +/- 4%	-	41521	41504	0	17	yes	asu-miR-7-5p	-	-	-	uggaagacuggugauuuuguugu	aacauuuucgcagucuucucaca	uggaagacuggugauuuuguuguuucauuaaacaacauuuucgcagucuucucaca	scaffold6:51350093..51350149:-	DI3
scaffold6_613255	637958.6	60 +/- 3%	-	1251326	1250847	0	479	yes	asu-miR-7-5p	-	-	-	uggaagacuggugauuuuguugu	acauuuucgcagucuucucaca	uggaagacuggugauuuuguuguuucauuaaacaacauuuucgcagucuucucaca	scaffold6:51350093..51350149:-	AMP1
scaffold6_759445	64137.1	72 +/- 3%	-	125800	125754	0	46	yes	asu-miR-7-5p	-	-	-	uggaagacuggugauuuuguugu	aacauuuucgcagucuucucac	uggaagacuggugauuuuguuguuucauuaaacaacauuuucgcagucuucucac	scaffold6:51350094..51350149:-	SMA1
scaffold6_595247	492925.5	86 +/- 2%	-	966850	966658	0	192	yes	asu-miR-7-5p	-	-	-	uggaagacuggugauuuuguugu	acauuuucgcagucuucucac	uggaagacuggugauuuuguuguuucauuaaacaacauuuucgcagucuucucac	scaffold6:51350094..51350149:-	PH1
scaffold6_821761	56346.5	48 +/- 4%	-	110519	110495	0	24	yes	asu-miR-7-5p	-	-	-	uggaagacuggugauuuuguugu	aacauuuucgcagucuucucac	uggaagacuggugauuuuguuguuucauuaaacaacauuuucgcagucuucucac	scaffold6:51350094..51350149:-	PH2
scaffold6_552225	69633.5	73 +/- 3%	-	136581	136543	0	38	yes	asu-miR-7-5p	-	-	-	uggaagacuggugauuuuguugu	aacauuuucgcagucuucucac	uggaagacuggugauuuuguuguuucauuaaacaacauuuucgcagucuucucac	scaffold6:51350094..51350149:-	SMA3
scaffold6_574153	659382.9	58 +/- 3%	-	1293349	1292933	0	416	yes	asu-miR-7-5p	-	-	-	uggaagacuggugauuuuguugu	aacauuuucgcagucuucucac	uggaagacuggugauuuuguuguuucauuaaacaacauuuucgcagucuucucac	scaffold6:51350094..51350149:-	AMP3
scaffold6_438445	842153.7	89 +/- 2%	-	1651846	1651678	0	168	yes	asu-miR-7-5p	-	-	-	uggaagacuggugauuuuguugu	aacauuuucgcagucuucucac	uggaagacuggugauuuuguuguuucauuaaacaacauuuucgcagucuucucac	scaffold6:51350094..51350149:-	PH3
scaffold6_397241	1274162.2	72 +/- 3%	-	2499212	2498875	0	337	yes	asu-miR-7-5p	-	-	-	uggaagacuggugauuuuguugu	aacauuuucgcagucuucucac	uggaagacuggugauuuuguuguuucauuaaacaacauuuucgcagucuucucac	scaffold6:51350094..51350149:-	IST2
scaffold6_840635	61795.5	76 +/- 2%	-	121207	121109	0	98	yes	asu-miR-7-5p	-	-	-	uggaagacuggugauuuuguugu	acauuuucgcagucuucucac	uggaagacuggugauuuuguuguuucauuaaacaacauuuucgcagucuucucac	scaffold6:51350094..51350149:-	PL1
scaffold6_510613	657845.8	90 +/- 2%	-	1290334	1290078	0	256	yes	asu-miR-7-5p	-	-	-	uggaagacuggugauuuuguugu	acauuuucgcagucuucucac	uggaagacuggugauuuuguuguuucauuaaacaacauuuucgcagucuucucac	scaffold6:51350094..51350149:-	HL1
scaffold6_491367	74720.1	79 +/- 3%	-	146558	146492	0	66	yes	asu-miR-7-5p	-	-	-	uggaagacuggugauuuuguugu	aacauuuucgcagucuucucac	uggaagacuggugauuuuguuguuucauuaaacaacauuuucgcagucuucucac	scaffold6:51350094..51350149:-	SMA2
scaffold6_877583	22738.3	75 +/- 3%	-	44598	44585	0	13	yes	asu-miR-7-5p	-	-	-	uggaagacuggugauuuuguugu	aacauuuucgcagucuucucac	uggaagacuggugauuuuguuguuucauuaaacaacauuuucgcagucuucucac	scaffold6:51350094..51350149:-	DI1
scaffold6_682109	13934.1	77 +/- 3%	-	27329	27309	0	20	yes	asu-miR-7-5p	-	-	-	uggaagacuggugauuuuguugu	acauuuucgcagucuucucac	uggaagacuggugauuuuguuguuucauuaaacaacauuuucgcagucuucucac	scaffold6:51350094..51350149:-	PDi1
scaffold6_602343	709753.1	87 +/- 2%	-	1392148	1391912	0	236	yes	asu-miR-7-5p	-	-	-	uggaagacuggugauuuuguugu	acauuuucgcagucuucucac	uggaagacuggugauuuuguuguuucauuaaacaacauuuucgcagucuucucac	scaffold6:51350094..51350149:-	HL3
scaffold6_477785	1320235.6	68 +/- 3%	-	2589583	2589179	0	404	yes	asu-miR-7-5p	-	-	-	uggaagacuggugauuuuguugu	aacauuuucgcagucuucucac	uggaagacuggugauuuuguuguuucauuaaacaacauuuucgcagucuucucac	scaffold6:51350094..51350149:-	IST1
scaffold6_727577	6836.9	76 +/- 4%	-	13408	13401	0	7	yes	asu-miR-7-5p	-	-	-	uggaagacuggugauuuuguugu	aacauuuucgcagucuucucac	uggaagacuggugauuuuguuguuucauuaaacaacauuuucgcagucuucucac	scaffold6:51350094..51350149:-	GA1
scaffold6_625093	853596.7	87 +/- 2%	-	1674291	1674062	0	229	yes	asu-miR-7-5p	-	-	-	uggaagacuggugauuuuguugu	acauuuucgcagucuucucac	uggaagacuggugauuuuguuguuucauuaaacaacauuuucgcagucuucucac	scaffold6:51350094..51350149:-	HL2
scaffold6_820031	5200.3	76 +/- 4%	-	10198	10195	0	3	yes	asu-miR-7-5p	-	-	-	uggaagacuggugauuuuguugu	aacauuuucgcagucuucuca	uggaagacuggugauuuuguuguuucauuaaacaacauuuucgcagucuucuca	scaffold6:51350095..51350149:-	EC3
scaffold6_923389	6519.2	70 +/- 4%	-	12785	12774	0	11	yes	asu-miR-7-5p	-	-	-	uggaagacuggugauuuuguugu	aacauuuucgcagucuucuca	uggaagacuggugauuuuguuguuucauuaaacaacauuuucgcagucuucuca	scaffold6:51350095..51350149:-	EC2
